Workbook

Sheet Validation_Responses
A1: 1. METADATA & EVALUATOR PROFILE | K1: 2. R1 PURPOSE & RELEVANCE (P1-P6) | Q1: 3. QUALITY & COVERAGE OF MAPPING (Q1-Q7) | X1: 4. AI TOOLS, TRENDS & CASE STUDIES (T1-T6) | AD1: 5. PRACTICAL VALUE & TRANSFERABILITY (V1-V6) | AJ1: CALCULATED SECTION AVERAGES (1-5) | AO1: 6. KEY RECOMMENDATIONS (QUALITATIVE)
A2: Timestamp (Submission Date (UTC)) | B2: Campaign (Campaign ID (npc-1)) | C2: Language (Form Language) | D2: Full_Name (Evaluator Name) | E2: Email (Evaluator Email) | F2: Organization (Organisation / Institution) | G2: Position (Position / Role) | H2: Country | I2: Professional_Profile (Professional Profile) | J2: Other_Profile_Detail (Other Profile Details) | K2: P1 (P1: Purpose and intended use clear) | L2: P2 (P2: Addresses industrial training needs) | M2: P3 (P3: Relevant to HR, trainers & target groups) | N2: P4 (P4: Useful overview of AI in workplace learning) | O2: P5 (P5: Appropriate focus on industrial SMEs) | P2: P6 (P6: Relevant to support Training Programme) | Q2: Q1 (Q1: Structured & easy to navigate) | R2: Q2 (Q2: Findings & trends clear & understandable) | S2: Q3 (Q3: Range of AI tools appropriate) | T2: Q4 (Q4: Balanced opportunities, limits & challenges) | U2: Q5 (Q5: Information current & relevant) | V2: Q6 (Q6: Useful range of contexts (company, sectoral, national)) | W2: Q7 (Q7: Conclusions consistent with evidence) | X2: T1 (T1: Explains strengths & limitations of AI apps) | Y2: T2 (T2: Case studies clear & useful) | Z2: T3 (T3: Illustrates realistic applications in workplace) | AA2: T4 (T4: Information on suitability for org contexts) | AB2: T5 (T5: Trends relevant to inform training content) | AC2: T6 (T6: Distinguishes promising uses from limited ones) | AD2: V1 (V1: Helps identify AI uses in own organisation) | AE2: V2 (V2: Transferable to industrial company contexts) | AF2: V3 (V3: Reference points for different digital maturity) | AG2: V4 (V4: Supports informed decision-making) | AH2: V5 (V5: Ethical, legal & inclusion considerations) | AI2: V6 (V6: Solid knowledge base for Programme & Toolkit) | AJ2: Mean_Sec2 (Mean Sec 2: Purpose & Relevance (P1-P6)) | AK2: Mean_Sec3 (Mean Sec 3: Quality & Coverage (Q1-Q7)) | AL2: Mean_Sec4 (Mean Sec 4: Tools & Cases (T1-T6)) | AM2: Mean_Sec5 (Mean Sec 5: Value & Transfer (V1-V6)) | AN2: Overall_Mean (Overall Mean Score (1-5)) | AO2: REC_1 (6.1: Most relevant findings, trends, tools or cases) | AP2: REC_2 (6.2: Missing trends, AI types or challenges) | AQ2: REC_3 (6.3: Sections or statements to clarify/update) | AR2: REC_4 (6.4: Single most important improvement) | AS2: REC_5 (6.5: Optional additional comments)
A3: 2026-09-29 12:00:00 | B3: npc-1 | C3: EN | D3: Sample NPC Member | E3: npc.expert@industry.eu | F3: Manufacturing Competence Center / SME | G3: Training & Innovation Manager | H3: Spain | I3: Industrial company | K3: 5 | L3: 4 | M3: 5 | N3: 4 | O3: 5 | P3: 5 | Q3: 4 | R3: 5 | S3: 4 | T3: 4 | U3: 5 | V3: 4 | W3: 5 | X3: 5 | Y3: 4 | Z3: 5 | AA3: 4 | AB3: 5 | AC3: 4 | AD3: 5 | AE3: 4 | AF3: 4 | AG3: 5 | AH3: 5 | AI3: 5 | AJ3: =AVERAGE(K3:P3) | AK3: =AVERAGE(Q3:W3) | AL3: =AVERAGE(X3:AC3) | AM3: =AVERAGE(AD3:AI3) | AN3: =AVERAGE(K3:AI3) | AO3: The concrete industrial case studies in section 4 provide very practical inspiration for SME trainers. | AP3: Include more focus on open-source edge AI models suitable for manufacturing shop-floors. | AQ3: Clarify the differentiation between generic GenAI tools and specialized training copilots. | AR3: Provide a one-page executive summary taxonomy of tools at the beginning of the report. | AS3: Congratulations on the comprehensive mapping; it establishes a solid baseline for the project.

Sheet Codebook_Questions
A1: LEARNING BRAINS (ERASMUS+) - NPC 1 CONSULTATION CODEBOOK & VARIABLE DICTIONARY
A3: Item Code | B3: Section Name | C3: Official Question Text (English) | D3: Question Text (Spanish Reference) | E3: Scale / Response Type
A4: P1 | B4: Section 2. R1 purpose and relevance | C4: The purpose and intended use of the Mapping Report are clear. | D4: El propósito y el uso previsto del Informe de Mapeo son claros. | E4: Likert Scale (1 - 5 + N/A)
A5: P2 | B5: Section 2. R1 purpose and relevance | C5: The report addresses relevant needs related to AI-supported on-the-job training in industrial companies. | D5: El informe responde a necesidades relevantes sobre formación en el puesto de trabajo con IA en empresas industriales. | E5: Likert Scale (1 - 5 + N/A)
A6: P3 | B6: Section 2. R1 purpose and relevance | C6: The report is relevant to HR managers, training managers, company trainers and other intended target groups. | D6: El informe es relevante para responsables de RRHH, directores de formación, formadores y otros grupos destinatarios. | E6: Likert Scale (1 - 5 + N/A)
A7: P4 | B7: Section 2. R1 purpose and relevance | C7: The report provides a useful overview of current developments in AI applied to workplace learning and training. | D7: El informe ofrece una visión global útil de los avances de la IA aplicada a la formación en el trabajo. | E7: Likert Scale (1 - 5 + N/A)
A8: P5 | B8: Section 2. R1 purpose and relevance | C8: The report maintains an appropriate focus on industrial companies and SMEs. | D8: El informe mantiene un enfoque adecuado en empresas industriales y PYMEs. | E8: Likert Scale (1 - 5 + N/A)
A9: P6 | B9: Section 2. R1 purpose and relevance | C9: The findings are sufficiently relevant to support the development of the Learning Brains Training Programme. | D9: Las conclusiones son suficientemente relevantes para sustentar el desarrollo del Itinerario Formativo. | E9: Likert Scale (1 - 5 + N/A)
A10: Q1 | B10: Section 3. Quality and coverage of the mapping | C10: The report is clearly structured and easy to navigate. | D10: El informe está claramente estructurado y es fácil de navegar y consultar. | E10: Likert Scale (1 - 5 + N/A)
A11: Q2 | B11: Section 3. Quality and coverage of the mapping | C11: The main findings and trends are explained in a clear and understandable way. | D11: Los hallazgos y tendencias principales se explican de forma clara y comprensible. | E11: Likert Scale (1 - 5 + N/A)
A12: Q3 | B12: Section 3. Quality and coverage of the mapping | C12: The range of AI tools and applications covered is appropriate for the purpose of the report. | D12: La gama de herramientas y aplicaciones de IA abordadas es adecuada para el propósito del informe. | E12: Likert Scale (1 - 5 + N/A)
A13: Q4 | B13: Section 3. Quality and coverage of the mapping | C13: The report provides a balanced view of opportunities, limitations and implementation challenges. | D13: El informe ofrece una visión equilibrada de oportunidades, limitaciones y desafíos de implantación. | E13: Likert Scale (1 - 5 + N/A)
A14: Q5 | B14: Section 3. Quality and coverage of the mapping | C14: The information presented appears sufficiently current and relevant to today’s training context. | D14: La información presentada está suficientemente actualizada y vigente para la formación actual. | E14: Likert Scale (1 - 5 + N/A)
... A33: REC_5 | B33: Section 6. Key recommendations | C33: Optional: Is there anything else you would like to add that has not been covered by the previous questions? | D33: Opcional: ¿Deseas añadir algún otro comentario u observación no abordada anteriormente? | E33: Open Qualitative Text
A36: Rating Scale Definition:
A37: 1 | B37: Strongly Disagree / Totalmente en desacuerdo
A38: 2 | B38: Disagree / En desacuerdo
A39: 3 | B39: Neither agree nor disagree / Neutral (Ni de acuerdo ni en desacuerdo)
A40: 4 | B40: Agree / De acuerdo
A41: 5 | B41: Strongly Agree / Totalmente de acuerdo
A42: N/A | B42: Not applicable / I cannot assess / No aplicable o no puedo evaluar

Sheet KPI_Dashboard
A1: LEARNING BRAINS (ERASMUS+) - NPC 1 EXECUTIVE EVALUATION DASHBOARD
A3: Evaluation Dimension / Area | B3: Key Metric | C3: Score Range / Target | D3: Calculation Basis
A4: Total Completed Validations Received | B4: =COUNTA(Validation_Responses!A3:A500) | C4: Total Count | D4: Respondent entries count
A5: Section 2: Purpose & Relevance Mean | B5: =AVERAGE(Validation_Responses!AJ3:AJ500) | C5: 1.00 - 5.00 (Target >= 4.0) | D5: Average of items P1 to P6
A6: Section 3: Quality & Coverage of Mapping Mean | B6: =AVERAGE(Validation_Responses!AK3:AK500) | C6: 1.00 - 5.00 (Target >= 4.0) | D6: Average of items Q1 to Q7
A7: Section 4: AI Tools, Trends & Case Studies Mean | B7: =AVERAGE(Validation_Responses!AL3:AL500) | C7: 1.00 - 5.00 (Target >= 4.0) | D7: Average of items T1 to T6
A8: Section 5: Practical Value & Transferability Mean | B8: =AVERAGE(Validation_Responses!AM3:AM500) | C8: 1.00 - 5.00 (Target >= 4.0) | D8: Average of items V1 to V6
A9: OVERALL NPC 1 EVALUATION SCORE | B9: =AVERAGE(Validation_Responses!AN3:AN500) | C9: 1.00 - 5.00 (Target >= 4.0) | D9: Overall Mean across all 25 Likert items
A12: Country Distribution
A13: Country Name | B13: Responses Count
A14: Spain | B14: =COUNTIF(Validation_Responses!H3:H500, "Spain")
A15: Italy | B15: =COUNTIF(Validation_Responses!H3:H500, "Italy")
A16: Portugal | B16: =COUNTIF(Validation_Responses!H3:H500, "Portugal")
A17: Austria | B17: =COUNTIF(Validation_Responses!H3:H500, "Austria")
A18: Slovakia | B18: =COUNTIF(Validation_Responses!H3:H500, "Slovakia")
A21: Professional Profile Distribution
A22: Profile Category | B22: Responses Count
A23: Industrial company | B23: =COUNTIF(Validation_Responses!I3:I500, "Industrial company")
A24: HR / training management | B24: =COUNTIF(Validation_Responses!I3:I500, "HR / training management")
A25: Company trainer / c-VET | B25: =COUNTIF(Validation_Responses!I3:I500, "Company trainer / c-VET")
A26: AI / digital technologies | B26: =COUNTIF(Validation_Responses!I3:I500, "AI / digital technologies")
A27: Industry 4.0 / innovation | B27: =COUNTIF(Validation_Responses!I3:I500, "Industry 4.0 / innovation")
A28: Research / academia | B28: =COUNTIF(Validation_Responses!I3:I500, "Research / academia")
A29: Other | B29: =COUNTIF(Validation_Responses!I3:I500, "Other*")
